,title,year
0,"The Good, the Bad and the Ugly",1966
1,The Pianist,2002
2,The Avengers,2012
3,3 Idiots,2009
4,Once Upon a Time in the West,1968
5,It's a Wonderful Life,1946
6,Downfall,2004
7,Sunset Boulevard,1950
8,The Great Escape,1963
9,Warrior,2011
10,Some Like It Hot,1959
11,The Handmaiden,2016
12,Rosemary's Baby,1968
13,The Kid,1921
14,Amores Perros,2000
15,Roman Holiday,1953
16,Short Term 12,2013
17,Dear Zachary: A Letter to a Son About His Father,2008
18,Diabolique,1955
19,The General,1926
20,A Trip to the Moon,1902
21,The Cabinet of Dr. Caligari,1920
22,Stop Making Sense,1984
23,Temple Grandin,2010
24,Stalag 17,1953
25,The Act of Killing,2012
26,The Man Who Shot Liberty Valance,1962
27,Paradise Lost: The Child Murders at Robin Hood Hills,1996
28,Chak De! India,2007
29,Tumbbad,2018
30,3-Iron,2004
31,Queen,2013
32,Samsara,2011
33,For Sama,2019
34,Sweet Smell of Success,1957
35,The Last Waltz,1978
36,The Square,2013
37,The Look of Silence,2014
38,Fiddler on the Roof,1971
39,My Man Godfrey,1936
40,Sholay,1975
41,Fitzcarraldo,1982
42,Paradise Lost 3: Purgatory,2011
43,Long Strange Trip,2017
44,Mahanati,2018
45,K.G.F: Chapter 1,2018
46,The Snowman,1982
47,Gleason,2016
48,Tom Petty and the Heartbreakers: Runnin' Down a Dream,2007
49,Shoeshine,1946
50,White Light/Black Rain: The Destruction of Hiroshima and Nagasaki,2007
51,Pyaasa,1957
52,Kannathil Muthamittal,2002
53,Life According to Sam,2013
54,Emmet Otter's Jug-Band Christmas,1977
55,Andy Irons: Kissed by God,2018
56,Ugly,2013
57,Alive Inside,2014
58,The Mountain II,2016
59,Dilwale Dulhania Le Jayenge,1995
60,Blood Brother,2013
61,Cries from Syria,2017
62,Why We Fight,2005
63,Sign 'o' The Times,1987
64,Bones Brigade: An Autobiography,2012
65,I Am Kalam,2010
66,Mr. Calzaghe,2015
67,Wait for Your Laugh,2017
68,My Sassy Girl,2001
69,Home,2009
70,Andaz Apna Apna,1994
71,Love on a Leash,2011
72,The English Surgeon,2009
73,Anand,1971
74,The Sopranos,1999
75,Louis C.K.: Shameless,2007
76,Mike Birbiglia: My Girlfriend's Boyfriend,2013
77,Gol Maal,1979
78,Chupke Chupke,1975
79,Empire of Dreams: The Story of the Star Wars Trilogy,2004
80,Theeran Adhigaaram Ondru,2017
81,Valley Uprising,2014
82,Crossing Arizona,2006
83,Jigarthanda,2014
84,Hitting the Apex,2015
85,Aruvi,2017
86,Rangasthalam,2018
87,George Carlin: Back in Town,1996
88,Arjun Reddy,2017
89,TransFatty Lives,2015
90,George Carlin: Jammin' in New York,1992
91,Jaane Bhi Do Yaaro,1983
92,Honor Flight,2012
93,1,2013
94,The Culture High,2014
95,Louis C.K.: Oh My God,2013
96,George Carlin: You Are All Diseased,1999
97,Sufna,2020
98,Hera Pheri,2000
99,Jeff Dunham: Spark of Insanity,2007
100,Bill Hicks: Sane Man,1989
101,An Occurrence at Owl Creek Bridge,1962
102,Athadu,2005
103,The Legend of Bhagat Singh,2002
104,Roja,1992
105,Bruce Lee: A Warrior's Journey,2000
106,George Carlin: Complaints & Grievances,2001
107,Padosan,1968
108,Nayakan,1987
109,People of a Feather,2012
110,George Carlin: Life Is Worth Losing,2005
111,Style Wars,1983
112,My Sweet Little Village,1985
113,Bawarchi,1972
114,Ankhon Dekhi,2014
115,George Carlin: It's Bad for Ya!,2008
116,Man in Red Bandana,2017
117,Father of a Soldier,1964
118,George Carlin: Doin' it Again,1990
119,The Good Soldier,2009
120,Bill Hicks: Revelations,1993
121,Jeff Dunham: Arguing with Myself,2006
122,Awaara,1951
123,Jim Jefferies: I Swear to God,2009
124,Disorder in the Court,1936
125,Maanagaram,2017
126,Kon-Tiki,1950
127,Hearing Is Believing,2017
128,7 Days in Syria,2015
129,Coldplay: Live 2003,2003
130,Untamed Romania,2018
131,George Carlin: George's Best Stuff,1996
132,Biswa Kalyan Rath : Biswa Mast Aadmi,2017
133,Dark Shadows: The Haunting of Collinwood,2009
134,Zakir Khan : Haq Se Single,2017
135,Only Old Men Are Going to Battle,1973
136,The Who: The Kids Are Alright,1979
137,Doug Stanhope: No Refunds,2007
138,Michael Jordan: His Airness,1999
139,George Carlin: Playin' with Your Head,1986
140,Chhoti Si Baat,1976
141,The Heart of Man,2017
142,Fleetwood Mac: The Dance,1997
143,Halima's Path,2012
144,Vazhakku Enn 18/9,2012
145,"Michael Jordan, Above and Beyond",1996
146,Kanan Gill: Keep It Real,2017
147,Mr 420,1955
148,Kaagaz Ke Phool,1959
149,Shiva,1990
150,Peter Gabriel: Secret World Live,1993
151,Madonna: Sticky & Sweet Tour,2010
152,"Inner Worlds, Outer Worlds",2012
153,Steven Banks: Home Entertainment Center,1989
154,Chalti Ka Naam Gaadi,1958
155,George Carlin: What Am I Doing in New Jersey?,1988
156,Two Acres of Land,1953
157,Michael Jordan: Come Fly with Me,1989
158,Reclaiming the Blade,2009
159,Tashi and the Monk,2015
160,Bey Yaar,2014
161,The 25th Anniversary Rock and Roll Hall of Fame Concerts,2009
162,George Carlin: Carlin on Campus,1984
163,Escape from Firebase Kate,2015
164,Mourning Son,2015
165,Mister Rogers: It's You I Like,2018
166,Ovum,2015
167,If so,2003
168,Tim Minchin and the Heritage Orchestra: Live at the Royal Albert Hall,2011
169,The Rolling Stones: Sweet Summer Sun - Hyde Park Live,2013
170,Square One,2019
171,Saaransh,1984
172,Anukokunda Oka Roju,2005
173,The Monkey King,1964
174,The Christmas Toy,1986
175,RWBY: Volume 3,2016
176,The Doors - Live at the Bowl '68,2012
177,Amar Prem,1972
178,Tomorrow,2019
179,"Down, But Not Out!",2015
180,Carlin at Carnegie,1982
181,Men in the Arena,2017
182,Mullum Malarum,1978
183,A Dog Named Gucci,2015
184,Jagte Raho,1956
185,The Secret Life of Chaos,2010
186,Totally Bill Hicks,1994
187,An Apology to Elephants,2013
188,RWBY: Volume 2,2014
189,Classic Albums: Iron Maiden - The Number of the Beast,2001
190,Alive Day Memories: Home from Iraq,2007
191,X: The Unheard Music,1986
192,The Boy Whose Skin Fell Off,2004
193,One Million Dubliners,2014
194,Bounty,2011
195,Alien Boy: The Life and Death of James Chasse,2013
196,Beyond the Myth: A Film About Pit Bulls and Breed Discrimination,2010
197,The Soul of Success: The Jack Canfield Story,2017
198,Finding Family,2013
199,Diana Krall: Live in Paris,2002
200,Michael Jordan: Air Time,1993
201,Tim Minchin: So F**king Rock Live,2008
202,Lewis Black: Black on Broadway,2004
203,Slaughter Nick for President,2013
204,Baghdad ER,2006
205,The New Public,2012
206,Blue,2017
207,Machine Gun Preacher Documentary,2014
208,A Sister's Call,2012
209,George Carlin: Personal Favorites,1997
210,Art of Darkness,2014
211,Bijuli Machine,2016
212,Madras,2014
213,Kelly's Hollywood,2015
214,Operation Toussaint: Operation Underground Railroad and the Fight to End Modern Day Slavery,2018
215,Omo Child: The River and the Bush,2015
216,Fools on the Hill,2012
217,Closure,2013
218,RWBY: Volume 1,2013
219,The Weekend Sailor,2016
220,Kshana Kshanam,1991
221,We Are the World: The Story Behind the Song,1985
222,Audrey Hepburn: Remembered,1993
223,When a City Falls,2011
224,The Conscientious Objector,2004
225,Fabulous Frogs,2014
226,Impact After the Crash,2013
227,Cycle,2018
228,BLUE,2015
229,Lost Kites,2016
230,The Creators,2012
231,Memories 677,2011
232,Roadmap to Apartheid,2012
233,Arise,2013
234,The Coexist Comedy Tour,2012
235,Naya Daur,1957
236,Mumbai Pune Mumbai,2010
237,ZZ Top – Live from Texas,2008
238,Men Of The Cloth,2014
239,Calamity Jane: Légende de l'Ouest,2014
240,5 Seconds of Summer,2014
241,Stronger Than Bullets,2017
242,Grateful Dead: Dead Ahead,1981
243,Most Valuable Players,2009
244,Where's Daddy?,2017
245,Gamechangers: Dreams of BlizzCon,2018
246,Autopsy: Confessions of a Medical Examiner,1994
247,Fetish,2010
248,Tovarisch I Am Not Dead,2008
249,SS United States: Lady in Waiting,2008
250,Chashme Buddoor,1981
251,Apollo 13: To the Edge and Back,1994
252,The Other Kids,2016
253,Into The Fire,2006
254,Autopsy 6: Secrets of the Dead,1999
255,Slugterra: Slug Fu Showdown,2015
256,The King's Highway,2016
257,Devdas,1955
258,Jake Shimabukuro: Life on Four Strings,2012
259,Finding Home,2014
260,Walwal,2018
261,Vincent,1981
262,Frank Sinatra: A Man and His Music + Ella + Jobim,1967
263,Physical Graffiti: A Classic Album Under Review,2008
264,GI Jews: Jewish Americans in World War II,2018
265,The Jones Family Will Make a Way,2015
266,I Am Hardwell,2013
267,Black Jack Pershing: Love and War,2017
268,Spectrum: A Story of the Mind,2016
269,The Green Girl,2014
270,The Dolls of Lisbon,2011
271,Mama’s Girl,2018
272,Living Proof,2017
273,Brad Williams: Fun Size,2015
274,Weaving the Past: Journey of Discovery,2014
275,Shadow Nation,2015
276,Buddy Hackett Live and Uncensored,1983
277,The Two Thieves,2014
278,Street Dogs of South Central,2013
279,A Fall from Freedom,2011
280,The Legend of Pancho Barnes and the Happy Bottom Riding Club,2009
281,The Science Of Fasting,2013
282,Grateful Dead: Truckin Up to Buffalo,1989
283,The Medicine Game,2014
284,Beneath the Helmet,2014
285,Ojukokoro (Greed),2016
286,Classic Albums: Frank Zappa - Apostrophe (') Over-Nite Sensation,2007
287,Yellow Colt,2014
288,Frank Sinatra: Concert for the Americas,1982
289,When the Bough Breaks: A Documentary About Postpartum Depression,2017
290,Classic Albums: Rush - 2112 & Moving Pictures,2010
291,Abel's Island,1988
292,Butterflies,2009
293,Jesus Fish,2008
294,The Belle of Amherst,1976
295,First Flight: A Mother Hummingbird's Story,2009
296,Jogwa - The Awakening,2009
297,Run Baby Run,1998
298,The Coconut Revolution,2000
299,Beyond the Summits,2009
300,Freak,2011
301,C. H. Spurgeon: The People's Preacher,2009
302,Daisy,2016
303,The Sixth Man: Bluesanity,2013
304,Blood Relative,2012
305,Adolf Hitler: Pure Evil,2016
306,Ghosts of the West: The End of the Bonanza Trail,2012
307,Bad Blood: A Cautionary Tale,2010
308,Needle Through Brick,2009
309,True Appaloosa,2015
310,Get the Picture,2012
311,Devo: Hardcore Live!,2015
312,Lincoln@Gettysburg,2013
313,Facing Mecca,2017
314,Diana Krall - Live in Rio,2009
315,One Night Stand,2013
316,Sleeping Giant: An Indian Football Story,2013
317,Finding Hillywood,2013
318,Bernadette,2012
319,Ninah's Dowry,2012
320,Lord Montagu,2013
321,Lakay,2014
322,Poultry in Motion: Truth Is Stranger Than Chicken,2008
323,Forgotten,2016
324,8 Wheels & Some Soul Brotha' Music,2003
325,Song of the South: Duane Allman and the Birth of the Allman Brothers Band,2013
326,A Life Among Whales,2005
327,Engrams,2017
328,Del Shores: Sordid Confessions,2012
329,Yes: Symphonic Live,2011
330,Making Marines,2002
331,Gallagher: the Bookkeeper,1985
332,Life on Us: A Microscopic Safari,2014
333,Flakes & Flames,2013
334,Going on 13,2007
335,Brittown,2008
336,Richard Jeni: Platypus Man,1995
337,BBOY for LIFE,2012
338,The Lost World of Mr. Hardy,2009
339,Wyeth,2018
340,Led Zeppelin: The Origin of the Species,2006
341,"The Life, Blood and Rhythm of Randy Castillo",2014
342,The Long Way Back: The Story of Todd Z-Man Zalkins,2017
343,The Rebound,2016
344,America's Parking Lot,2012
345,Slednecks 13,2010
346,Local Legends,2013
347,Mixed Match,2016
348,Draw Hard,2015
349,Ronald Reagan: An American Journey,2011
350,Re-Imagining Jesus: Discovering the Human Hero,2014
351,Life on the V: The Story of V66,2014
352,The Bus,2012
353,The Gates of Jerusalem: A History of the Holy City,1998
354,What Matters?,2011
355,The KGB Connections,1982
356,"Love, Concord",2012
357,The Treasures of Long Gone John,2006
358,Elvis: The Memphis Flash,2005
359,Find Your Way: A Busker's Documentary,2014
360,Gold Fever,2013
361,Along Recovery,2012
362,Liberty & Slavery,2016
363,Count Basie At Carnegie Hall,1981
364,The Mountain Runners,2012
365,Brother Number One,2011
366,Breaking: Los Angeles,2013
367,Swift. Silent. Deep.,2009
368,Prisoner Number A26188: Surviving Auschwitz,2015
369,The Bakken,2017
370,Mahjong and the West,2014
371,Whittle: The Jet Pioneer,2012
372,Coexist,2010
373,What's On Your Plate?,2009
374,Francis of Brooklyn,2012
375,Call for Help,2015
376,Second Chance By Betrayal,2018
377,High/Low,2011
378,Ruby's Studio: the Feelings Show,2010
379,Silent Wings: The American Glider Pilots of WWII,2007
380,"Soul on Ice: Past, Present and Future",2017
381,Kumpania,2011
382,Chasing Wild Horses,2008
383,Cuban Missile Crisis: Three Men Go to War,2012
384,Victori: The Truth Just Can't Be One Thing,2015
385,TELL HELL I AIN'T COMIN',2005
386,Stem Cell Revolutions,2011
387,Digital Dissidents,2015
388,Mekonen: The Journey of an African Jew,2016
389,Black Ballerina,2016
390,Bible Prophecies,2018
391,Small Small Thing,2013
392,The Frames: In the Deep Shade,2013
393,HEART: Flatline to Finish Line,2016
394,David Bromberg: Unsung Treasure,2012
395,The Last Flight of Petr Ginz,2012
396,The Angry Brigade: The Spectacular Rise and Fall of Britain's First Urban Guerilla Group,1973
397,The Busy Little Engine,2005
398,Help Us Find Sunil Tripathi,2015
399,The 13th Man,2019
400,"The Butterfly, the Harp and the Timepiece",2015
401,Shadow of Afghanistan,2006
402,Check Your Body at the Door,2012
403,Shred: The Story of Asher Bradshaw,2013
404,Ecuador: The Royal Tour,2016
